node,year_construction,capacity_existing
CH,2023,5.993149270629939
CH,2024,0.0
CH,2025,0.0
DE,2023,60.2667156892196
DE,2024,0.0
DE,2025,0.0
