node,year_construction,capacity_existing
AT,2018,0.0013905554617590248
AT,2019,0.02359435259318525
AT,2020,0.0026886868150820947
CH,2018,0.0018840823002646261
CH,2019,0.031968305709137314
CH,2020,0.0036429379327617972
CZ,2007,0.0013308858340266637
CZ,2008,0.0003284951880530478
CZ,2009,0.0002913209929757323
CZ,2012,0.00019429207576299786
CZ,2014,0.000770239005509364
CZ,2017,0.0015297563058939978
CZ,2018,0.0004517048083254021
CZ,2019,0.0006571422915029402
DK,2011,0.0006953418418106594
DK,2012,0.0014637509491987786
DK,2013,0.004736436888082128
DK,2014,0.00014065635664581817
DK,2015,0.00463020460148781
DK,2016,0.0012704872772952775
DK,2017,0.004949498647953556
DK,2018,0.025544851369741953
DK,2019,0.026113140186468656
DK,2020,0.09997401761695698
FI,2007,0.005139256419954242
FI,2008,0.022834677073248013
FI,2010,0.020047282617847433
FI,2011,0.00494122297390026
FI,2012,0.019632500779188284
FI,2013,0.002832265068510961
FI,2014,0.024067069696764237
FI,2015,0.07901052734971248
FI,2017,0.01680607614043902
FI,2019,0.001837107296466772
FI,2020,0.017723175634100276
FR,2014,0.010130427379566237
FR,2015,0.012928076585741884
FR,2017,0.0009324656852906683
FR,2018,0.026444291802070335
FR,2019,0.015842108757994557
FR,2020,0.006016481341873575
NO,2005,0.005369572318134375
NO,2006,0.03754425109739699
NO,2008,0.034629022826619185
NO,2009,0.0020778074372493696
NO,2010,0.006551466570602699
NO,2012,0.020777733047417802
NO,2013,0.030952472677450216
NO,2014,0.002105686837965814
NO,2015,0.01791580363762474
NO,2016,0.003585832933040605
NO,2017,0.012638659013251206
NO,2018,0.01082654296010096
NO,2019,0.019285321635547536
NO,2022,0.0034233589066660886
NO,2023,0.0064354531365581
NO,2024,0.004047735622640724
SE,2011,0.6790763668017985
SE,2012,0.09945184072056734
SE,2014,0.1686996179027065
SE,2017,0.0019915092991693584
SE,2018,0.0112940688812464
SE,2019,0.023713467272389654
SE,2020,0.1447404769889592
