node,year_construction,capacity_existing
CH,2023,30.9854076742066
CH,2024,0.0
CH,2025,0.0
DE,2023,187.4123650755256
DE,2024,0.0
DE,2025,0.0
