node,demand
AT,0.2338988918493197
BE,0.44739309400215416
BG,0.0
CH,0.0
CZ,0.27465674814670293
DE,1.8599949539570433
DK,0.0
EE,0.0
EL,0.0
ES,0.5542854718894413
FI,0.19384403142931703
FR,1.0699391694982048
HR,0.0
HU,0.14212963600743164
IE,0.0
IT,0.3838206090230366
LT,0.0
LU,0.0
LV,0.0
NL,0.3802893852392449
NO,0.7117987702875268
PL,0.18017296600862703
PT,0.21197184514949996
RO,0.026899671767966937
SE,0.006724917941991734
SI,0.0
SK,0.10525450412784354
UK,0.4191703869470991
